{
  "project_info": {
    "project_number": "113432295344",
    "firebase_url": "https://tester-516be.firebaseio.com",
    "project_id": "tester-516be",
    "storage_bucket": "tester-516be.appspot.com"
  },
  "client": [
    {
      "client_info": {
        "mobilesdk_app_id": "1:113432295344:android:13c3c6a65bcbec53",
        "android_client_info": {
          "package_name": "com.example.myapplication"
        }
      },
      "oauth_client": [
        {
          "client_id": "113432295344-ug26jg9pdob276f1iqi44v01c7ns8moh.apps.googleusercontent.com",
          "client_type": 1,
          "android_info": {
            "package_name": "com.example.myapplication",
            "certificate_hash": "340fda917c3fb417e83513a5b8314e5ea3b5b0fd"
          }
        },
        {
          "client_id": "113432295344-lignhs8fjtjpdghq32q9bprfbcddo1a4.apps.googleusercontent.com",
          "client_type": 3
        }
      ],
      "api_key": [
        {
          "current_key": "AIzaSyA5iE04UUpOABt6t2JHShsPzNNTHsAe-F0"
        }
      ],
      "services": {
        "appinvite_service": {
          "other_platform_oauth_client": [
            {
              "client_id": "113432295344-lignhs8fjtjpdghq32q9bprfbcddo1a4.apps.googleusercontent.com",
              "client_type": 3
            }
          ]
        }
      }
    }
  ],
  "configuration_version": "1"
}